<?xml version="1.0"?>
<DocumentationSettings xmlns:xsd="http://www.w3.org/2001/XMLSchema" xmlns:xsi="http://www.w3.org/2001/XMLSchema-instance">
  <SourceType>User</SourceType>
  <WordPath>C:\Users\Stramig\Documents\gestion de libro.docx</WordPath>
  <WordTemplatePath>C:\Users\Stramig\AppData\Local\Programs\Bizagi\Bizagi Modeler\DocTemplates\ModelerTemplate.dot</WordTemplatePath>
  <ExportBPMNAttachments>false</ExportBPMNAttachments>
  <DiagramOrientation>Portrait</DiagramOrientation>
  <ShapeFilters />
  <SelectedDiagrams>
    <DiagramId>68516565-f81a-42c4-a4d4-deefb2eb9986</DiagramId>
    <DiagramId>c335e638-655a-4f87-bc3e-926d84437239</DiagramId>
  </SelectedDiagrams>
  <Settings>
    <DiagramDocumentationSettings ElementId="68516565-f81a-42c4-a4d4-deefb2eb9986">
      <ProcessSettings>
        <ProcessDocSettings ProcessId="ce1cd0e7-3ff2-44a8-916a-966fd7413cdf">
          <Elements>
            <Id>1dcab6de-174b-423d-ba83-869f4bd9273c</Id>
            <Id>6bf0ada7-2a48-4d2f-b0ca-3c63ff5554f4</Id>
            <Id>071ac45f-ce58-4378-b347-b8e4d20956f3</Id>
            <Id>42e319fa-8132-44a9-812a-cbc6b60a3294</Id>
            <Id>7a8c38e2-9eb2-4f6f-86af-4c5e67ad5a09</Id>
            <Id>c80313f7-d146-4c52-8d91-edf58992b106</Id>
            <Id>66046fb6-b4ee-4a32-8f88-324e4aa56c05</Id>
            <Id>cb00f14d-2a06-49f9-a91d-366282e72b95</Id>
            <Id>d2df9d81-d329-4cfe-b794-774b62f2d352</Id>
          </Elements>
        </ProcessDocSettings>
      </ProcessSettings>
    </DiagramDocumentationSettings>
    <DiagramDocumentationSettings ElementId="c335e638-655a-4f87-bc3e-926d84437239">
      <ProcessSettings>
        <ProcessDocSettings ProcessId="f918f0e2-44c2-43ef-be4f-80868963456c">
          <Elements>
            <Id>6696c681-3a74-4ed2-9500-f47d62509d6b</Id>
            <Id>19e2cd8a-a839-476f-95c6-66b1b038b852</Id>
            <Id>04853893-ce33-4655-9a5a-6399a7a1cec7</Id>
            <Id>7bfbae21-1505-42ea-abd5-3109bdd7b246</Id>
            <Id>c1fd1d68-5558-4879-89e9-3ff4b9c3d275</Id>
            <Id>67c26af2-b390-444f-9c5a-847ac5406608</Id>
            <Id>ae33733a-b9ea-4732-ac9a-ffc461bb4934</Id>
          </Elements>
        </ProcessDocSettings>
      </ProcessSettings>
    </DiagramDocumentationSettings>
  </Settings>
</DocumentationSettings>